Academic_Year,Student_ID,Surname,Forename,Gender,Date_of_Birth,Nationality,username,email,Prog_Yr,Stud_Yr,AIMS_Start,AIMS_ExpEnd,Category,Programme_Name
2018/19,10000113,Adams,Brenda,F,20/02/1999,Egypt,badams222,student10000113@sample.edu,1,1,2018-09-20,2021-06-30,UG,Accountancy & Finance
2018/19,10000114,Miller,Randy,M,28/11/2000,India,rmiller721,student10000114@sample.edu,1,1,2018-09-20,2021-06-30,UG,Accountancy & Finance
2018/19,10000115,Goodwin,Corey,M,04/07/1998,Egypt,cgoodwin42,student10000115@sample.edu,3,1,2018-09-20,2019-06-30,UG,Accountancy & Finance
2018/19,10000116,Ellis,Daisy,F,20/10/1998,Bangladesh,dellis964,student10000116@sample.edu,2,1,2018-09-20,2020-06-30,UG,Accountancy & Finance
2018/19,10000117,Rowland,Robert,M,03/10/2001,Pakistan,rrowland809,student10000117@sample.edu,1,1,2018-09-20,2021-06-30,UG,Accountancy & Finance
2018/19,10000118,Hood,Andrew,M,19/11/1995,Canada,ahood512,student10000118@sample.edu,1,1,2018-09-20,2021-06-30,UG,Accountancy & Finance
2018/19,10000119,Lewis,Ryan,M,30/06/1993,United Kingdom,rlewis786,student10000119@sample.edu,3,1,2018-09-20,2019-06-30,UG,Accountancy & Finance
2018/19,10000120,Cooper,Dana,F,22/04/1997,Jordan,dcooper344,student10000120@sample.edu,1,1,2018-09-20,2021-06-30,UG,Accountancy & Finance
2018/19,10000121,Dudley,Kathleen,F,09/04/1996,Egypt,kdudley994,student10000121@sample.edu,1,1,2018-09-20,2021-06-30,UG,Accountancy & Finance
2018/19,10000122,Woods,Devin,M,22/03/1995,Egypt,dwoods847,student10000122@sample.edu,1,1,2018-09-20,2021-06-30,UG,Accountancy & Finance
2018/19,10000123,Harrison,Julie,F,11/08/1997,Bangladesh,jharrison143,student10000123@sample.edu,2,1,2018-09-20,2020-06-30,UG,Accountancy & Finance
2018/19,10000124,Murphy,Pam,F,15/01/2000,United States,pmurphy211,student10000124@sample.edu,1,1,2018-09-20,2021-06-30,UG,Accountancy & Finance
2018/19,10000125,Shields,Austin,M,18/02/2000,Canada,ashields389,student10000125@sample.edu,2,1,2018-09-20,2020-06-30,UG,Accountancy & Finance
2018/19,10000126,Wilson,Penny,F,09/09/1998,Egypt,pwilson693,student10000126@sample.edu,2,1,2018-09-20,2020-06-30,UG,Accountancy & Finance
2018/19,10000127,Wright,Carolyn,F,29/06/1999,Jordan,cwright138,student10000127@sample.edu,1,1,2018-09-20,2021-06-30,UG,Accountancy & Finance
2018/19,10000128,Barrett,Dana,F,12/04/2000,Philippines,dbarrett799,student10000128@sample.edu,2,1,2018-09-20,2020-06-30,UG,Accountancy & Finance
2018/19,10000129,Wilson,Valerie,F,15/03/1997,United Kingdom,vwilson360,student10000129@sample.edu,1,1,2018-09-20,2021-06-30,UG,Accountancy & Finance
2018/19,10000130,Clark,Samuel,M,10/12/1993,Jordan,sclark588,student10000130@sample.edu,1,1,2018-09-20,2021-06-30,UG,Accountancy & Finance
2018/19,10000131,Weaver,Allison,F,22/01/1993,Bangladesh,aweaver546,student10000131@sample.edu,1,1,2018-09-20,2021-06-30,UG,Accountancy & Finance
2018/19,10000132,Phillips,Deborah,F,30/05/1993,Egypt,dphillips740,student10000132@sample.edu,1,1,2018-09-20,2021-06-30,UG,Accountancy & Finance
2018/19,10000133,King,Andrea,F,09/03/2000,Canada,aking503,student10000133@sample.edu,2,1,2018-09-20,2020-06-30,UG,Accountancy & Finance
2018/19,10000134,Dunn,Christopher,M,24/02/2000,Egypt,cdunn940,student10000134@sample.edu,1,1,2018-09-20,2021-06-30,UG,Accountancy & Finance
2018/19,10000135,Morris,Andre,M,09/03/1993,India,amorris646,student10000135@sample.edu,1,1,2018-09-20,2021-06-30,UG,Accountancy & Finance
2018/19,10000136,Nelson,Pamela,F,07/10/1997,Philippines,pnelson235,student10000136@sample.edu,1,1,2018-09-20,2021-06-30,UG,Accountancy & Finance
2018/19,10000137,Mathews,Douglas,M,22/04/1996,United Kingdom,dmathews269,student10000137@sample.edu,1,1,2018-09-20,2021-06-30,UG,Accountancy & Finance
2018/19,10000138,Wilson,Rachel,F,16/09/1997,United States,rwilson43,student10000138@sample.edu,1,1,2018-09-20,2021-06-30,UG,Accountancy & Finance
2018/19,10000139,Gay,Robin,F,03/01/1997,Egypt,rgay236,student10000139@sample.edu,2,1,2018-09-20,2020-06-30,UG,Accountancy & Finance
2018/19,10000140,Kelly,Jacqueline,F,02/05/1995,United Kingdom,jkelly292,student10000140@sample.edu,1,1,2018-09-20,2021-06-30,UG,Accountancy & Finance
2018/19,10000141,Brown,Beth,F,25/06/2001,India,bbrown989,student10000141@sample.edu,1,1,2018-09-20,2021-06-30,UG,Accountancy & Finance
2018/19,10000142,Black,Vanessa,F,09/11/1999,Philippines,vblack664,student10000142@sample.edu,1,1,2018-09-20,2021-06-30,UG,Accountancy & Finance
2018/19,10000143,Serrano,Maria,F,15/12/1999,India,mserrano990,student10000143@sample.edu,2,1,2018-09-20,2020-06-30,UG,Accountancy & Finance
2018/19,10000144,Smith,Morgan,F,14/12/1993,Egypt,msmith789,student10000144@sample.edu,1,1,2018-09-20,2021-06-30,UG,Accountancy & Finance
2018/19,10000145,Jones,Tony,M,04/01/1993,Egypt,tjones433,student10000145@sample.edu,1,1,2018-09-20,2021-06-30,UG,Accountancy & Finance
2018/19,10000146,Shields,Joshua,M,29/12/2000,United States,jshields708,student10000146@sample.edu,1,1,2018-09-20,2021-06-30,UG,Accountancy & Finance
2018/19,10000147,Miller,Deanna,F,02/09/1999,Canada,dmiller686,student10000147@sample.edu,3,1,2018-09-20,2019-06-30,UG,Accountancy & Finance
2018/19,10000148,Steele,Stephanie,F,18/10/1996,Egypt,ssteele543,student10000148@sample.edu,1,1,2018-09-20,2021-06-30,UG,Accountancy & Finance
2018/19,10000149,Downs,Lori,F,05/07/1999,Canada,ldowns943,student10000149@sample.edu,1,1,2018-09-20,2021-06-30,UG,Accountancy & Finance
2018/19,10000150,Lee,Brittney,F,12/05/2001,Egypt,blee750,student10000150@sample.edu,2,1,2018-09-20,2020-06-30,UG,Accountancy & Finance
2018/19,10000151,Kim,Billy,M,07/06/2001,Canada,bkim84,student10000151@sample.edu,1,1,2018-09-20,2021-06-30,UG,Accountancy & Finance
2018/19,10000152,Parker,Kristy,F,04/11/1998,Pakistan,kparker379,student10000152@sample.edu,2,1,2018-09-20,2020-06-30,UG,Accountancy & Finance
2018/19,10000153,Garcia,Kelly,M,29/09/1996,United States,kgarcia888,student10000153@sample.edu,1,1,2018-09-20,2021-06-30,UG,Accountancy & Finance
2018/19,10000154,King,Dakota,M,24/10/1995,Egypt,dking211,student10000154@sample.edu,1,1,2018-09-20,2021-06-30,UG,Accountancy & Finance
2018/19,10000155,Jackson,Mark,M,28/04/1999,India,mjackson848,student10000155@sample.edu,1,1,2018-09-20,2021-06-30,UG,Accountancy & Finance
2018/19,10000156,Lopez,Sonya,F,29/03/1999,Philippines,slopez569,student10000156@sample.edu,1,1,2018-09-20,2021-06-30,UG,Accountancy & Finance
2018/19,10000157,Fletcher,Veronica,F,06/01/1995,Canada,vfletcher252,student10000157@sample.edu,3,1,2018-09-20,2019-06-30,UG,Accountancy & Finance
2018/19,10000158,Moore,Laura,F,26/07/1996,Philippines,lmoore380,student10000158@sample.edu,1,1,2018-09-20,2021-06-30,UG,Accountancy & Finance
2018/19,10000159,Mcdonald,Nicole,F,06/05/1998,Pakistan,nmcdonald266,student10000159@sample.edu,1,1,2018-09-20,2021-06-30,UG,Accountancy & Finance
2018/19,10000160,Randolph,Bruce,M,28/07/2000,Philippines,brandolph902,student10000160@sample.edu,1,1,2018-09-20,2021-06-30,UG,Accountancy & Finance
2018/19,10000161,Nicholson,Ryan,M,08/08/2001,India,rnicholson642,student10000161@sample.edu,1,1,2018-09-20,2021-06-30,UG,Accountancy & Finance
2018/19,10000162,Hughes,Christopher,M,12/08/1998,United States,chughes598,student10000162@sample.edu,1,1,2018-09-20,2021-06-30,UG,Accountancy & Finance
2018/19,10000163,Rodriguez,Amanda,F,08/04/1997,Canada,arodriguez225,student10000163@sample.edu,1,1,2018-09-20,2021-06-30,UG,Accountancy & Finance
2018/19,10000164,Spencer,William,M,07/11/2001,United Kingdom,wspencer104,student10000164@sample.edu,1,1,2018-09-20,2021-06-30,UG,Accountancy & Finance
2018/19,10000165,Morales,Carrie,F,09/06/1995,Philippines,cmorales815,student10000165@sample.edu,1,1,2018-09-20,2021-06-30,UG,Accountancy & Finance
2018/19,10000166,Brown,Cynthia,F,12/05/2000,Jordan,cbrown43,student10000166@sample.edu,1,1,2018-09-20,2021-06-30,UG,Accountancy & Finance
2018/19,10000167,Smith,Chelsey,F,22/07/1993,Pakistan,csmith416,student10000167@sample.edu,2,1,2018-09-20,2020-06-30,UG,Accountancy & Finance
2018/19,10000168,Conway,Dana,F,01/06/1993,Canada,dconway436,student10000168@sample.edu,1,1,2018-09-20,2021-06-30,UG,Accountancy & Finance
2018/19,10000169,Miller,Paula,F,06/05/2000,India,pmiller987,student10000169@sample.edu,2,1,2018-09-20,2020-06-30,UG,Accountancy & Finance
2018/19,10000170,Cooper,Alan,M,04/01/1997,United States,acooper253,student10000170@sample.edu,1,1,2018-09-20,2021-06-30,UG,Accountancy & Finance
2018/19,10000171,Johnson,Eric,M,24/06/1995,United Kingdom,ejohnson223,student10000171@sample.edu,1,1,2018-09-20,2021-06-30,UG,Accountancy & Finance
2018/19,10000172,Smith,Michele,F,20/07/1996,Egypt,msmith859,student10000172@sample.edu,1,1,2018-09-20,2021-06-30,UG,Accountancy & Finance
2018/19,10000173,Smith,Craig,M,13/02/1993,India,csmith346,student10000173@sample.edu,1,1,2018-09-20,2021-06-30,UG,Accountancy & Finance
2018/19,10000174,Woods,Joanna,F,02/05/1998,Jordan,jwoods512,student10000174@sample.edu,1,1,2018-09-20,2021-06-30,UG,Accountancy & Finance
2018/19,10000175,Jensen,Darren,M,17/01/1995,India,djensen776,student10000175@sample.edu,1,1,2018-09-20,2021-06-30,UG,Accountancy & Finance
2018/19,10000176,Christensen,Christopher,M,24/11/1993,Philippines,cchristensen188,student10000176@sample.edu,1,1,2018-09-20,2021-06-30,UG,Accountancy & Finance
2018/19,10000177,Castillo,Brian,M,14/06/1998,Egypt,bcastillo778,student10000177@sample.edu,1,1,2018-09-20,2021-06-30,UG,Accountancy & Finance
2018/19,10000178,Sanders,Edgar,M,30/11/2000,Philippines,esanders981,student10000178@sample.edu,1,1,2018-09-20,2021-06-30,UG,Accountancy & Finance
2018/19,10000179,Vance,Mark,M,11/10/1996,United Kingdom,mvance194,student10000179@sample.edu,1,1,2018-09-20,2021-06-30,UG,Accountancy & Finance
2018/19,10000180,Turner,Margaret,F,29/12/2000,India,mturner515,student10000180@sample.edu,1,1,2018-09-20,2021-06-30,UG,Accountancy & Finance
2018/19,10000181,Marquez,Virginia,F,10/09/1997,United Kingdom,vmarquez485,student10000181@sample.edu,1,1,2018-09-20,2021-06-30,UG,Accountancy & Finance
2018/19,10000182,Whitney,Justin,M,13/06/1995,Jordan,jwhitney330,student10000182@sample.edu,2,1,2018-09-20,2020-06-30,UG,Accountancy & Finance
2018/19,10000183,Conley,Shelby,F,05/09/1997,United Kingdom,sconley119,student10000183@sample.edu,1,1,2018-09-20,2021-06-30,UG,Accountancy & Finance
2018/19,10000184,Stephens,Matthew,M,22/07/1998,Pakistan,mstephens349,student10000184@sample.edu,1,1,2018-09-20,2021-06-30,UG,Accountancy & Finance
2018/19,10000185,Garcia,Amanda,F,24/11/1995,Bangladesh,agarcia614,student10000185@sample.edu,1,1,2018-09-20,2021-06-30,UG,Business Management
2018/19,10000186,Peterson,Heather,F,19/10/1999,United States,hpeterson74,student10000186@sample.edu,1,1,2018-09-20,2021-06-30,UG,Business Management
2018/19,10000187,Hansen,Earl,M,18/07/1997,Jordan,ehansen998,student10000187@sample.edu,2,1,2018-09-20,2020-06-30,UG,Business Management
2018/19,10000188,Green,Susan,F,10/05/2001,India,sgreen492,student10000188@sample.edu,1,1,2018-09-20,2021-06-30,UG,Business Management
2018/19,10000189,Arroyo,Douglas,M,26/07/1998,Egypt,darroyo126,student10000189@sample.edu,1,1,2018-09-20,2021-06-30,UG,Business Management
2018/19,10000190,Miller,Kyle,M,15/08/1996,Canada,kmiller221,student10000190@sample.edu,1,1,2018-09-20,2021-06-30,UG,Business Management
2018/19,10000191,Fernandez,Eric,M,07/11/1994,United States,efernandez562,student10000191@sample.edu,1,1,2018-09-20,2021-06-30,UG,Business Management
2018/19,10000192,Stevenson,Sean,M,26/08/1993,Bangladesh,sstevenson904,student10000192@sample.edu,1,1,2018-09-20,2021-06-30,UG,Business Management
2018/19,10000193,Greene,Cynthia,F,03/11/1999,Egypt,cgreene748,student10000193@sample.edu,1,1,2018-09-20,2021-06-30,UG,Business Management
2018/19,10000194,Molina,Laura,F,22/09/1997,Pakistan,lmolina173,student10000194@sample.edu,1,1,2018-09-20,2021-06-30,UG,Business Management
2018/19,10000195,Williams,Carla,F,27/02/1996,Bangladesh,cwilliams337,student10000195@sample.edu,1,1,2018-09-20,2021-06-30,UG,Business Management
2018/19,10000196,Lane,Alexandra,F,10/11/1998,United Kingdom,alane432,student10000196@sample.edu,1,1,2018-09-20,2021-06-30,UG,Business Management
2018/19,10000197,Escobar,Kathleen,F,05/04/1998,India,kescobar885,student10000197@sample.edu,1,1,2018-09-20,2021-06-30,UG,Business Management
2018/19,10000198,Koch,Christopher,M,08/01/2001,Bangladesh,ckoch330,student10000198@sample.edu,1,1,2018-09-20,2021-06-30,UG,Business Management
2018/19,10000199,Adams,Mark,M,28/10/1994,Jordan,madams560,student10000199@sample.edu,1,1,2018-09-20,2021-06-30,UG,Business Management
2018/19,10000200,Ramirez,Theresa,F,14/08/2000,India,tramirez546,student10000200@sample.edu,1,1,2018-09-20,2021-06-30,UG,Business Management
2018/19,10000201,Ramirez,Alexander,M,23/12/1998,United States,aramirez548,student10000201@sample.edu,1,1,2018-09-20,2021-06-30,UG,Business Management
2018/19,10000202,Jefferson,Ashley,F,13/08/1995,Egypt,ajefferson209,student10000202@sample.edu,1,1,2018-09-20,2021-06-30,UG,Business Management
2018/19,10000203,Wilson,Jonathan,M,21/03/1998,Jordan,jwilson22,student10000203@sample.edu,1,1,2018-09-20,2021-06-30,UG,Business Management
2018/19,10000204,Cochran,Bryan,M,25/02/2001,Canada,bcochran294,student10000204@sample.edu,1,1,2018-09-20,2021-06-30,UG,Business Management
2018/19,10000205,Garcia,John,M,06/04/1995,United Kingdom,jgarcia3,student10000205@sample.edu,2,1,2018-09-20,2020-06-30,UG,Business Management
2018/19,10000206,Clayton,Cynthia,F,02/08/1993,India,cclayton733,student10000206@sample.edu,1,1,2018-09-20,2021-06-30,UG,Business Management
2018/19,10000207,Vasquez,Russell,M,30/04/1993,United States,rvasquez76,student10000207@sample.edu,1,1,2018-09-20,2021-06-30,UG,Business Management
2018/19,10000208,Johnson,Lisa,F,05/08/2000,India,ljohnson233,student10000208@sample.edu,2,1,2018-09-20,2020-06-30,UG,Business Management
2018/19,10000209,Phillips,Jonathan,M,17/11/1994,Egypt,jphillips317,student10000209@sample.edu,1,1,2018-09-20,2021-06-30,UG,Business Management
2018/19,10000210,Campbell,Jason,M,11/10/1993,United States,jcampbell699,student10000210@sample.edu,1,1,2018-09-20,2021-06-30,UG,Business Management
2018/19,10000211,Middleton,Lisa,F,27/10/1994,India,lmiddleton561,student10000211@sample.edu,1,1,2018-09-20,2021-06-30,UG,Business Management
2018/19,10000212,Adkins,Henry,M,27/07/1993,Jordan,hadkins461,student10000212@sample.edu,1,1,2018-09-20,2021-06-30,UG,Business Management
2018/19,10000213,Martin,Richard,M,29/08/1993,United States,rmartin488,student10000213@sample.edu,1,1,2018-09-20,2021-06-30,UG,Business Management
2018/19,10000214,Chang,Michele,F,28/12/1999,Pakistan,mchang965,student10000214@sample.edu,1,1,2018-09-20,2021-06-30,UG,Business Management
2018/19,10000215,Hart,Marie,F,09/08/1994,Jordan,mhart993,student10000215@sample.edu,1,1,2018-09-20,2021-06-30,UG,Business Management
2018/19,10000216,Weaver,Heather,F,09/11/1998,Pakistan,hweaver90,student10000216@sample.edu,1,1,2018-09-20,2021-06-30,UG,Business Management
2018/19,10000217,Green,Kimberly,F,21/08/1993,Egypt,kgreen859,student10000217@sample.edu,1,1,2018-09-20,2021-06-30,UG,Business Management
2018/19,10000218,Underwood,Cindy,F,15/05/1998,Philippines,cunderwood591,student10000218@sample.edu,1,1,2018-09-20,2021-06-30,UG,Business Management
2018/19,10000219,Douglas,Heather,F,10/12/2000,Jordan,hdouglas643,student10000219@sample.edu,1,1,2018-09-20,2021-06-30,UG,Business Management
2018/19,10000220,Stephens,Jennifer,F,11/05/1998,United States,jstephens549,student10000220@sample.edu,3,1,2018-09-20,2019-06-30,UG,Business Management
2018/19,10000221,Wiley,Alison,F,03/09/1996,Pakistan,awiley764,student10000221@sample.edu,1,1,2018-09-20,2021-06-30,UG,Business Management
2018/19,10000222,Morris,Ashley,F,08/03/1999,Pakistan,amorris899,student10000222@sample.edu,1,1,2018-09-20,2021-06-30,UG,Business Management
2018/19,10000223,Walker,Tammy,F,05/12/1995,United States,twalker326,student10000223@sample.edu,1,1,2018-09-20,2021-06-30,UG,Business Management
2018/19,10000224,Wilkins,Matthew,M,14/02/1998,India,mwilkins506,student10000224@sample.edu,1,1,2018-09-20,2021-06-30,UG,Business Management
2018/19,10000225,Mitchell,Rebecca,F,18/06/1995,Bangladesh,rmitchell277,student10000225@sample.edu,3,1,2018-09-20,2019-06-30,UG,Business Management
2018/19,10000226,Hughes,Gary,M,02/07/1994,India,ghughes792,student10000226@sample.edu,1,1,2018-09-20,2021-06-30,UG,Business Management
2018/19,10000227,Rivas,Sharon,F,13/07/1998,Bangladesh,srivas664,student10000227@sample.edu,1,1,2018-09-20,2021-06-30,UG,Business Management
2018/19,10000228,Ball,Frances,F,13/10/2001,Bangladesh,fball118,student10000228@sample.edu,1,1,2018-09-20,2021-06-30,UG,Business Management
2018/19,10000229,Braun,Patrick,M,31/01/1994,United States,pbraun609,student10000229@sample.edu,1,1,2018-09-20,2021-06-30,UG,Business Management
2018/19,10000230,Davis,Christopher,M,25/05/1996,United States,cdavis656,student10000230@sample.edu,2,1,2018-09-20,2020-06-30,UG,Business Management
2018/19,10000231,Wagner,Brian,M,18/07/1995,Bangladesh,bwagner444,student10000231@sample.edu,2,1,2018-09-20,2020-06-30,UG,Business Management
2018/19,10000232,Robinson,Jaime,F,29/10/1993,Philippines,jrobinson33,student10000232@sample.edu,1,1,2018-09-20,2021-06-30,UG,Business Management
2018/19,10000233,Bennett,Juan,M,08/08/1998,Canada,jbennett438,student10000233@sample.edu,1,1,2018-09-20,2021-06-30,UG,Business Management
2018/19,10000234,Johnson,Jill,F,16/07/1997,United States,jjohnson991,student10000234@sample.edu,3,1,2018-09-20,2019-06-30,UG,Business Management
2018/19,10000235,Norton,Ashley,F,11/07/2001,Pakistan,anorton57,student10000235@sample.edu,3,1,2018-09-20,2019-06-30,UG,Business Management
2018/19,10000236,Herrera,Marisa,F,06/12/1995,Bangladesh,mherrera717,student10000236@sample.edu,1,1,2018-09-20,2021-06-30,UG,Business Management
2018/19,10000237,Harvey,Eric,M,20/03/1994,Bangladesh,eharvey400,student10000237@sample.edu,1,1,2018-09-20,2021-06-30,UG,Business Management
2018/19,10000238,Matthews,Cynthia,F,30/01/1993,Pakistan,cmatthews696,student10000238@sample.edu,2,1,2018-09-20,2020-06-30,UG,Business Management
2018/19,10000239,Marsh,Johnny,M,19/10/1995,Canada,jmarsh829,student10000239@sample.edu,1,1,2018-09-20,2021-06-30,UG,Business Management
2018/19,10000240,Thompson,Curtis,M,21/02/2001,Jordan,cthompson53,student10000240@sample.edu,1,1,2018-09-20,2021-06-30,UG,Business Management
2018/19,10000241,Lopez,Cody,M,28/03/1995,United Kingdom,clopez900,student10000241@sample.edu,1,1,2018-09-20,2021-06-30,UG,Business Management
2018/19,10000242,Murphy,Amanda,F,02/03/1994,United Kingdom,amurphy494,student10000242@sample.edu,1,1,2018-09-20,2021-06-30,UG,Business Management
2018/19,10000243,Elliott,Johnny,M,11/07/1997,United States,jelliott753,student10000243@sample.edu,1,1,2018-09-20,2021-06-30,UG,Business Management
2018/19,10000244,Vaughn,Terri,F,11/08/1998,Jordan,tvaughn857,student10000244@sample.edu,1,1,2018-09-20,2021-06-30,UG,Business Management
2018/19,10000245,Morales,Chad,M,09/07/1996,United States,cmorales112,student10000245@sample.edu,1,1,2018-09-20,2021-06-30,UG,Business Management
2018/19,10000246,Cox,Stacy,F,27/05/1995,United Kingdom,scox868,student10000246@sample.edu,1,1,2018-09-20,2021-06-30,UG,Business Management
2018/19,10000247,Graves,Shannon,F,01/08/2000,Canada,sgraves266,student10000247@sample.edu,1,1,2018-09-20,2021-06-30,UG,Business Management
2018/19,10000248,Brooks,Jessica,F,31/01/1993,Canada,jbrooks963,student10000248@sample.edu,2,1,2018-09-20,2020-06-30,UG,Business Management
2018/19,10000249,Mccarty,Rebecca,F,21/04/1996,United States,rmccarty620,student10000249@sample.edu,1,1,2018-09-20,2021-06-30,UG,Business Management
2018/19,10000250,Houston,Lori,F,02/11/2000,United Kingdom,lhouston75,student10000250@sample.edu,1,1,2018-09-20,2021-06-30,UG,Business Management
2018/19,10000251,Duarte,Keith,M,07/04/2001,Egypt,kduarte389,student10000251@sample.edu,1,1,2018-09-20,2021-06-30,UG,Business Management
2018/19,10000252,Mccoy,Kathryn,F,05/10/2001,Pakistan,kmccoy621,student10000252@sample.edu,1,1,2018-09-20,2021-06-30,UG,Business Management
2018/19,10000253,Banks,Krista,F,16/03/1998,Philippines,kbanks363,student10000253@sample.edu,1,1,2018-09-20,2021-06-30,UG,Business Management
2018/19,10000254,Ward,Nicole,F,31/10/2000,Canada,nward626,student10000254@sample.edu,1,1,2018-09-20,2021-06-30,UG,Business Management
2018/19,10000255,Ayala,Johnny,M,23/08/1998,Jordan,jayala793,student10000255@sample.edu,2,1,2018-09-20,2020-06-30,UG,Business Management
2018/19,10000256,Davis,Caroline,F,06/06/1997,Canada,cdavis974,student10000256@sample.edu,1,1,2018-09-20,2021-06-30,UG,Business Management
2018/19,10000257,Dominguez,Susan,F,31/03/2000,Pakistan,sdominguez127,student10000257@sample.edu,1,1,2018-09-20,2021-06-30,UG,Business Management
2018/19,10000258,Hurst,John,M,19/02/1997,Philippines,jhurst292,student10000258@sample.edu,1,1,2018-09-20,2021-06-30,UG,Business Management
2018/19,10000259,Smith,Matthew,M,19/05/2001,Philippines,msmith346,student10000259@sample.edu,1,1,2018-09-20,2021-06-30,UG,Business Management
2018/19,10000260,Lopez,Matthew,M,31/07/1995,United Kingdom,mlopez896,student10000260@sample.edu,1,1,2018-09-20,2021-06-30,UG,Business Management
2018/19,10000261,Smith,Daniel,M,19/02/1998,India,dsmith161,student10000261@sample.edu,2,1,2018-09-20,2020-06-30,UG,Business Management
2018/19,10000262,Smith,Justin,M,23/02/1998,Jordan,jsmith215,student10000262@sample.edu,1,1,2018-09-20,2021-06-30,UG,Business Management
2018/19,10000263,Robinson,Robin,F,20/11/1997,Egypt,rrobinson478,student10000263@sample.edu,1,1,2018-09-20,2021-06-30,UG,Business Management
2018/19,10000264,Bryant,Diana,F,26/10/2000,Egypt,dbryant466,student10000264@sample.edu,1,1,2018-09-20,2021-06-30,UG,Business Management
2018/19,10000265,Reyes,Crystal,F,18/06/2001,Egypt,creyes413,student10000265@sample.edu,1,1,2018-09-20,2021-06-30,UG,Business Management
2018/19,10000266,Phillips,Sandra,F,12/11/1995,Bangladesh,sphillips316,student10000266@sample.edu,1,1,2018-09-20,2021-06-30,UG,Business Management
2018/19,10000267,Stone,Daniel,M,21/09/2000,Philippines,dstone831,student10000267@sample.edu,1,1,2018-09-20,2021-06-30,UG,Business Management
2018/19,10000268,Gray,Roger,M,28/01/1996,Canada,rgray771,student10000268@sample.edu,1,1,2018-09-20,2021-06-30,UG,Business Management
2018/19,10000269,Kennedy,Jonathan,M,04/08/1995,Pakistan,jkennedy983,student10000269@sample.edu,1,1,2018-09-20,2021-06-30,UG,Business Management
2018/19,10000270,Williams,Suzanne,F,21/06/1995,Philippines,swilliams686,student10000270@sample.edu,1,1,2018-09-20,2021-06-30,UG,Business Management
2018/19,10000271,Torres,Jacob,M,05/12/1994,Philippines,jtorres884,student10000271@sample.edu,1,1,2018-09-20,2021-06-30,UG,Business Management
2018/19,10000272,Rivera,Brandi,F,24/03/1995,United Kingdom,brivera630,student10000272@sample.edu,3,1,2018-09-20,2019-06-30,UG,Business Management
2018/19,10000273,Black,Linda,F,09/11/1993,Jordan,lblack333,student10000273@sample.edu,2,1,2018-09-20,2020-06-30,UG,Business Management
2018/19,10000274,Williams,Andrea,F,15/08/1993,Bangladesh,awilliams411,student10000274@sample.edu,2,1,2018-09-20,2020-06-30,UG,Business Management
2018/19,10000275,Salas,Bobby,M,19/12/1995,Egypt,bsalas651,student10000275@sample.edu,1,1,2018-09-20,2021-06-30,UG,Business Management
2018/19,10000276,Lee,Gina,F,28/06/1997,United Kingdom,glee691,student10000276@sample.edu,1,1,2018-09-20,2021-06-30,UG,Business Management
2018/19,10000277,Adams,Vanessa,F,09/02/1998,Bangladesh,vadams546,student10000277@sample.edu,1,1,2018-09-20,2021-06-30,UG,Business Management
2018/19,10000278,Whitaker,Jacqueline,F,25/04/1994,Egypt,jwhitaker761,student10000278@sample.edu,1,1,2018-09-20,2021-06-30,UG,Business Management
2018/19,10000279,Taylor,Thomas,M,20/10/1994,Philippines,ttaylor417,student10000279@sample.edu,1,1,2018-09-20,2021-06-30,UG,Business Management
2018/19,10000280,Evans,Matthew,M,01/06/1995,Egypt,mevans935,student10000280@sample.edu,1,1,2018-09-20,2021-06-30,UG,Business Management
2018/19,10000281,Rodriguez,Samantha,F,06/06/1994,Bangladesh,srodriguez880,student10000281@sample.edu,1,1,2018-09-20,2021-06-30,UG,Business Management
2018/19,10000282,Adams,Paul,M,12/04/1994,Philippines,padams366,student10000282@sample.edu,1,1,2018-09-20,2021-06-30,UG,Business Management
2018/19,10000283,Garner,James,M,09/06/1997,Jordan,jgarner285,student10000283@sample.edu,1,1,2018-09-20,2021-06-30,UG,Business Management
2018/19,10000284,Lewis,Gabriel,M,01/09/1997,Canada,glewis1,student10000284@sample.edu,1,1,2018-09-20,2021-06-30,UG,Business Management
2018/19,10000285,Howard,Marc,M,03/04/1993,United States,mhoward313,student10000285@sample.edu,1,1,2018-09-20,2021-06-30,UG,Business Management
2018/19,10000286,Porter,Jacqueline,F,14/12/1998,India,jporter414,student10000286@sample.edu,1,1,2018-09-20,2021-06-30,UG,Business Management
2018/19,10000287,Scott,Barry,M,25/09/1994,Pakistan,bscott622,student10000287@sample.edu,1,1,2018-09-20,2021-06-30,UG,Business Management
2018/19,10000288,Santana,Brooke,F,16/12/1998,Pakistan,bsantana995,student10000288@sample.edu,2,1,2018-09-20,2020-06-30,UG,Business Management
2018/19,10000289,Brown,Kimberly,F,26/08/1994,United Kingdom,kbrown757,student10000289@sample.edu,1,1,2018-09-20,2021-06-30,UG,Business Management
2018/19,10000290,Keller,Michael,M,10/02/2001,Canada,mkeller968,student10000290@sample.edu,1,1,2018-09-20,2021-06-30,UG,Business Management
2018/19,10000291,Hayes,Kevin,M,23/07/1998,Philippines,khayes125,student10000291@sample.edu,1,1,2018-09-20,2021-06-30,UG,Business Management
2018/19,10000292,Thomas,Isaiah,M,22/05/1998,Philippines,ithomas47,student10000292@sample.edu,1,1,2018-09-20,2021-06-30,UG,Business Management
2018/19,10000293,Russell,Kevin,M,18/08/1996,United Kingdom,krussell538,student10000293@sample.edu,1,1,2018-09-20,2021-06-30,UG,Business Management
2018/19,10000294,Lopez,Drew,M,14/06/1993,India,dlopez728,student10000294@sample.edu,1,1,2018-09-20,2021-06-30,UG,Business Management
2018/19,10000295,Griffin,Adrian,M,12/06/1993,India,agriffin262,student10000295@sample.edu,1,1,2018-09-20,2021-06-30,UG,Business Management
2018/19,10000296,Taylor,James,M,10/05/1994,Jordan,jtaylor763,student10000296@sample.edu,1,1,2018-09-20,2021-06-30,UG,Business Management
2018/19,10000297,Black,Ronald,M,04/04/1997,India,rblack258,student10000297@sample.edu,1,1,2018-09-20,2021-06-30,UG,Business Management
2018/19,10000298,Hayes,Rebecca,F,04/06/1998,United Kingdom,rhayes537,student10000298@sample.edu,3,1,2018-09-20,2019-06-30,UG,Business Management
2018/19,10000299,Pierce,Denise,F,06/12/1993,Canada,dpierce478,student10000299@sample.edu,1,1,2018-09-20,2021-06-30,UG,Business Management
2018/19,10000300,Davis,Debbie,F,24/04/1998,India,ddavis273,student10000300@sample.edu,1,1,2018-09-20,2021-06-30,UG,Business Management
2018/19,10000301,Phillips,Erica,F,24/05/1994,Philippines,ephillips747,student10000301@sample.edu,1,1,2018-09-20,2021-06-30,UG,Business Management
2018/19,10000302,Lee,Ethan,M,10/10/1993,Philippines,elee655,student10000302@sample.edu,1,1,2018-09-20,2021-06-30,UG,Business Management
2018/19,10000303,Hamilton,Michael,M,10/04/2000,Philippines,mhamilton909,student10000303@sample.edu,2,1,2018-09-20,2020-06-30,UG,Business Management
2018/19,10000304,Tyler,Brittany,F,06/06/1998,Pakistan,btyler816,student10000304@sample.edu,2,1,2018-09-20,2020-06-30,UG,Business Management
2018/19,10000305,Luna,Sarah,F,23/01/1997,Philippines,sluna447,student10000305@sample.edu,1,1,2018-09-20,2021-06-30,UG,Business Management
2018/19,10000306,Guerra,Autumn,F,09/03/1993,Jordan,aguerra55,student10000306@sample.edu,1,1,2018-09-20,2021-06-30,UG,Business Management
2018/19,10000307,Avila,Victoria,F,18/01/2001,Jordan,vavila571,student10000307@sample.edu,2,1,2018-09-20,2020-06-30,UG,Business Management
2018/19,10000308,Reilly,Jessica,F,31/12/1997,Philippines,jreilly827,student10000308@sample.edu,1,1,2018-09-20,2021-06-30,UG,Business Management
2018/19,10000309,Lee,Lauren,F,28/11/1999,United States,llee94,student10000309@sample.edu,1,1,2018-09-20,2021-06-30,UG,Business Management
2018/19,10000310,Christensen,Dylan,M,28/02/1994,Canada,dchristensen757,student10000310@sample.edu,1,1,2018-09-20,2021-06-30,UG,Business Management
2018/19,10000311,Mendoza,James,M,10/10/2001,Bangladesh,jmendoza182,student10000311@sample.edu,1,1,2018-09-20,2021-06-30,UG,Business Management
2018/19,10000312,Armstrong,Anthony,M,15/08/1994,India,aarmstrong119,student10000312@sample.edu,1,1,2018-09-20,2021-06-30,UG,Business Management
2018/19,10000313,Green,Christine,F,31/03/1996,Canada,cgreen788,student10000313@sample.edu,1,1,2018-09-20,2021-06-30,UG,Business Management
2018/19,10000314,Howell,John,M,31/05/2001,Canada,jhowell174,student10000314@sample.edu,2,1,2018-09-20,2020-06-30,UG,Business Management
2018/19,10000315,Sexton,Eric,M,27/02/1994,United Kingdom,esexton294,student10000315@sample.edu,1,1,2018-09-20,2021-06-30,UG,Business Management
2018/19,10000316,Hawkins,Emily,F,16/07/2000,Philippines,ehawkins634,student10000316@sample.edu,3,1,2018-09-20,2019-06-30,UG,Business Management
2018/19,10000317,Lopez,Linda,F,21/10/2000,United Kingdom,llopez912,student10000317@sample.edu,1,1,2018-09-20,2021-06-30,UG,Business Management
2018/19,10000318,Meza,Andrea,F,05/03/2001,United Kingdom,ameza321,student10000318@sample.edu,1,1,2018-09-20,2021-06-30,UG,Business Management
2018/19,10000319,Walker,Emma,F,08/02/1997,Pakistan,ewalker586,student10000319@sample.edu,1,1,2018-09-20,2021-06-30,UG,Business Management
2018/19,10000320,Cabrera,Tracie,F,25/09/2000,Bangladesh,tcabrera928,student10000320@sample.edu,3,1,2018-09-20,2019-06-30,UG,Business Management
2018/19,10000321,Finley,Nicole,F,20/10/1995,United Kingdom,nfinley310,student10000321@sample.edu,1,1,2018-09-20,2021-06-30,UG,Business Management
2018/19,10000322,Mann,Cody,M,13/09/1998,Jordan,cmann885,student10000322@sample.edu,1,1,2018-09-20,2021-06-30,UG,Business Management
2018/19,10000323,Johnston,Noah,M,10/08/1994,Jordan,njohnston750,student10000323@sample.edu,3,1,2018-09-20,2019-06-30,UG,Business Management
2018/19,10000324,Reyes,Sydney,F,19/05/1995,United Kingdom,sreyes167,student10000324@sample.edu,1,1,2018-09-20,2021-06-30,UG,Business Management
2018/19,10000325,Richard,Dwayne,M,31/10/2001,Pakistan,drichard745,student10000325@sample.edu,1,1,2018-09-20,2021-06-30,UG,Business Management
2018/19,10000326,Mccann,James,M,21/04/2000,Pakistan,jmccann177,student10000326@sample.edu,1,1,2018-09-20,2021-06-30,UG,Business Management
2018/19,10000327,Martinez,Mark,M,22/05/1998,Pakistan,mmartinez319,student10000327@sample.edu,1,1,2018-09-20,2021-06-30,UG,Business Management
2018/19,10000328,Boyle,Kelly,F,08/03/2000,Pakistan,kboyle840,student10000328@sample.edu,1,1,2018-09-20,2021-06-30,UG,Business Management
2018/19,10000329,Mcgee,Alexis,F,03/09/1999,United Kingdom,amcgee831,student10000329@sample.edu,1,1,2018-09-20,2021-06-30,UG,Business Management
2018/19,10000330,Torres,Mitchell,M,14/01/1999,Bangladesh,mtorres132,student10000330@sample.edu,1,1,2018-09-20,2021-06-30,UG,Business Management
2018/19,10000331,Stephens,Linda,F,20/12/1994,Egypt,lstephens72,student10000331@sample.edu,1,1,2018-09-20,2021-06-30,UG,Business Management
2018/19,10000332,Collins,Michael,M,02/05/1994,United States,mcollins564,student10000332@sample.edu,2,1,2018-09-20,2020-06-30,UG,Business Management
2018/19,10000333,Wilson,Jeanne,F,23/05/1998,United Kingdom,jwilson220,student10000333@sample.edu,1,1,2018-09-20,2021-06-30,UG,Business Management
2018/19,10000334,Newton,Michelle,F,28/12/1997,Philippines,mnewton662,student10000334@sample.edu,1,1,2018-09-20,2021-06-30,UG,Business Management
2018/19,10000335,Hudson,Matthew,M,22/02/1994,United States,mhudson31,student10000335@sample.edu,1,1,2018-09-20,2021-06-30,UG,Business Management
2018/19,10000336,Barron,John,M,26/05/1998,Philippines,jbarron924,student10000336@sample.edu,2,1,2018-09-20,2020-06-30,UG,Business Management
2018/19,10000337,Hill,Tammie,F,04/07/1998,Philippines,thill143,student10000337@sample.edu,2,1,2018-09-20,2020-06-30,UG,Business Management
2018/19,10000338,Bryant,Wayne,M,21/04/1993,Egypt,wbryant193,student10000338@sample.edu,1,1,2018-09-20,2021-06-30,UG,Business Management
2018/19,10000339,Lawson,Erin,F,27/05/1999,Canada,elawson608,student10000339@sample.edu,1,1,2018-09-20,2021-06-30,UG,Business Management
2018/19,10000340,Church,Evelyn,F,02/02/1999,Philippines,echurch876,student10000340@sample.edu,1,1,2018-09-20,2021-06-30,UG,Business Management
2018/19,10000341,Henry,Rebecca,F,20/05/1999,Jordan,rhenry731,student10000341@sample.edu,3,1,2018-09-20,2019-06-30,UG,Business Management
2018/19,10000342,Joseph,Patrick,M,04/08/1997,Canada,pjoseph486,student10000342@sample.edu,1,1,2018-09-20,2021-06-30,UG,Business Management
2018/19,10000343,Henry,Sheila,F,10/12/1994,India,shenry492,student10000343@sample.edu,1,1,2018-09-20,2021-06-30,UG,Business Management
2018/19,10000344,Joseph,Susan,F,17/05/1995,Jordan,sjoseph662,student10000344@sample.edu,1,1,2018-09-20,2021-06-30,UG,Business Management
2018/19,10000345,Shaw,Morgan,F,15/08/1993,United States,mshaw346,student10000345@sample.edu,1,1,2018-09-20,2021-06-30,UG,Business Management
2018/19,10000346,Stanton,Nicholas,M,02/10/2000,Bangladesh,nstanton596,student10000346@sample.edu,1,1,2018-09-20,2021-06-30,UG,Business Management
2018/19,10000347,Wheeler,Deborah,F,11/12/1995,Philippines,dwheeler438,student10000347@sample.edu,3,1,2018-09-20,2019-06-30,UG,Business Management
2018/19,10000348,Hudson,Angela,F,03/01/1997,Philippines,ahudson434,student10000348@sample.edu,1,1,2018-09-20,2021-06-30,UG,Business Management
2018/19,10000349,Davenport,Benjamin,M,27/11/1998,Pakistan,bdavenport615,student10000349@sample.edu,1,1,2018-09-20,2021-06-30,UG,Business Management
2018/19,10000350,Fitzgerald,Candice,F,27/11/2001,Pakistan,cfitzgerald921,student10000350@sample.edu,1,1,2018-09-20,2021-06-30,UG,Business Management
2018/19,10000351,Roberts,Sean,M,02/10/1997,United Kingdom,sroberts95,student10000351@sample.edu,1,1,2018-09-20,2021-06-30,UG,Business Management
2018/19,10000352,Walker,Andrew,M,17/08/1999,Egypt,awalker798,student10000352@sample.edu,1,1,2018-09-20,2021-06-30,UG,Business Management
2018/19,10000353,Sheppard,David,M,06/05/1994,Jordan,dsheppard986,student10000353@sample.edu,1,1,2018-09-20,2021-06-30,UG,Business Management
2018/19,10000354,Scott,Luis,M,27/11/1995,United States,lscott983,student10000354@sample.edu,1,1,2018-09-20,2021-06-30,UG,Business Management
2018/19,10000355,Hamilton,Charles,M,16/02/1994,United States,chamilton38,student10000355@sample.edu,1,1,2018-09-20,2021-06-30,UG,Business Management
2018/19,10000356,Gonzalez,Kelsey,F,11/07/1996,United Kingdom,kgonzalez806,student10000356@sample.edu,1,1,2018-09-20,2021-06-30,UG,Business Management
2018/19,10000357,Fleming,Robert,M,04/11/1996,Pakistan,rfleming225,student10000357@sample.edu,1,1,2018-09-20,2021-06-30,UG,Business Management
2018/19,10000358,Lyons,Bradley,M,14/06/1999,Egypt,blyons824,student10000358@sample.edu,1,1,2018-09-20,2021-06-30,UG,Business Management
2018/19,10000359,Watkins,Patricia,F,22/05/1994,Egypt,pwatkins175,student10000359@sample.edu,1,1,2018-09-20,2021-06-30,UG,Business Management
2018/19,10000360,Roth,Kyle,M,02/09/1995,United Kingdom,kroth473,student10000360@sample.edu,1,1,2018-09-20,2021-06-30,UG,Business Management
2018/19,10000361,Stark,Megan,F,11/02/1994,Pakistan,mstark938,student10000361@sample.edu,1,1,2018-09-20,2021-06-30,UG,Business Management
2018/19,10000362,Greene,Elijah,M,04/06/1997,United Kingdom,egreene542,student10000362@sample.edu,2,1,2018-09-20,2020-06-30,UG,Business Management
2018/19,10000363,Santiago,Ashley,F,27/09/1995,Canada,asantiago441,student10000363@sample.edu,1,1,2018-09-20,2021-06-30,UG,Business Management
2018/19,10000364,Roberts,Donald,M,28/11/2001,Egypt,droberts264,student10000364@sample.edu,1,1,2018-09-20,2021-06-30,UG,Business Management
2018/19,10000365,Green,Corey,M,14/08/1993,Jordan,cgreen194,student10000365@sample.edu,1,1,2018-09-20,2021-06-30,UG,Business Management
2018/19,10000366,Holmes,Brittany,F,17/04/2001,Egypt,bholmes571,student10000366@sample.edu,1,1,2018-09-20,2021-06-30,UG,Business Management
2018/19,10000367,Obrien,Erin,F,25/10/1996,Egypt,eobrien880,student10000367@sample.edu,1,1,2018-09-20,2021-06-30,UG,Business Management
2018/19,10000368,Rollins,Christina,F,15/11/1994,Pakistan,crollins958,student10000368@sample.edu,2,1,2018-09-20,2020-06-30,UG,Business Management
2018/19,10000369,Campbell,Alexander,M,09/04/2001,United Kingdom,acampbell418,student10000369@sample.edu,1,1,2018-09-20,2021-06-30,UG,Business Management
2018/19,10000370,Robinson,Stacey,F,30/03/1993,United States,srobinson136,student10000370@sample.edu,1,1,2018-09-20,2021-06-30,UG,Business Management
2018/19,10000371,Mcdaniel,Brian,M,29/08/1997,United States,bmcdaniel4,student10000371@sample.edu,1,1,2018-09-20,2021-06-30,UG,Business Management
2018/19,10000372,Robertson,Alexander,M,01/02/1994,United Kingdom,arobertson149,student10000372@sample.edu,1,1,2018-09-20,2021-06-30,UG,Business Management
2018/19,10000373,Ochoa,Ricky,M,06/12/1998,Egypt,rochoa739,student10000373@sample.edu,1,1,2018-09-20,2021-06-30,UG,Business Management
2018/19,10000374,Harris,Michael,M,01/09/1997,Egypt,mharris756,student10000374@sample.edu,1,1,2018-09-20,2021-06-30,UG,Business Management
2018/19,10000375,Ramirez,Betty,F,03/07/1993,Philippines,bramirez285,student10000375@sample.edu,1,1,2018-09-20,2021-06-30,UG,Business Management
2018/19,10000376,Watkins,David,M,15/02/1998,United States,dwatkins388,student10000376@sample.edu,1,1,2018-09-20,2021-06-30,UG,Business Management
2018/19,10000377,Cole,Randall,M,27/11/2000,Egypt,rcole220,student10000377@sample.edu,1,1,2018-09-20,2021-06-30,UG,Business Management
2018/19,10000378,Lane,Richard,M,30/08/1999,India,rlane96,student10000378@sample.edu,1,1,2018-09-20,2021-06-30,UG,Business Management
2018/19,10000379,Young,Jon,M,23/09/1997,United States,jyoung992,student10000379@sample.edu,2,1,2018-09-20,2020-06-30,UG,Business Management
2018/19,10000380,Walker,Christine,F,27/07/1997,United Kingdom,cwalker234,student10000380@sample.edu,1,1,2018-09-20,2021-06-30,UG,Business Management
2018/19,10000381,Bradley,Patrick,M,08/08/1994,Egypt,pbradley268,student10000381@sample.edu,1,1,2018-09-20,2021-06-30,UG,Business Management
2018/19,10000382,Griffith,Audrey,F,05/09/1994,United Kingdom,agriffith797,student10000382@sample.edu,1,1,2018-09-20,2021-06-30,UG,Business Management
2018/19,10000383,Hunter,Eric,M,30/04/1995,Pakistan,ehunter248,student10000383@sample.edu,1,1,2018-09-20,2021-06-30,UG,Business Management
2018/19,10000384,Rush,April,F,29/12/1993,United Kingdom,arush415,student10000384@sample.edu,2,1,2018-09-20,2020-06-30,UG,Business Management
2018/19,10000385,Austin,Daniel,M,09/02/1999,Philippines,daustin747,student10000385@sample.edu,1,1,2018-09-20,2021-06-30,UG,Business Management
2018/19,10000386,Gibbs,Virginia,F,30/06/1995,United Kingdom,vgibbs533,student10000386@sample.edu,1,1,2018-09-20,2021-06-30,UG,Business Management
2018/19,10000387,Orozco,Javier,M,27/05/1993,Egypt,jorozco787,student10000387@sample.edu,1,1,2018-09-20,2021-06-30,UG,Business Management
2018/19,10000388,Hicks,Katherine,F,24/05/2001,Pakistan,khicks579,student10000388@sample.edu,1,1,2018-09-20,2021-06-30,UG,Business Management
2018/19,10000389,Ramos,Jonathan,M,19/10/1997,United Kingdom,jramos151,student10000389@sample.edu,1,1,2018-09-20,2021-06-30,UG,Business Management
2018/19,10000390,Stone,Jason,M,15/03/1994,Bangladesh,jstone973,student10000390@sample.edu,1,1,2018-09-20,2021-06-30,UG,Business Management
2018/19,10000391,Harrison,Nicholas,M,12/08/1993,Egypt,nharrison851,student10000391@sample.edu,1,1,2018-09-20,2021-06-30,UG,Business Management
2018/19,10000392,Phillips,Mary,F,25/09/1996,India,mphillips685,student10000392@sample.edu,1,1,2018-09-20,2021-06-30,UG,Business Management
2018/19,10000393,Gutierrez,Susan,F,15/07/1993,Pakistan,sgutierrez144,student10000393@sample.edu,1,1,2018-09-20,2021-06-30,UG,Business Management
2018/19,10000394,Padilla,Michael,M,23/04/1996,Egypt,mpadilla82,student10000394@sample.edu,1,1,2018-09-20,2021-06-30,UG,Business Management
2018/19,10000395,Wood,Ronald,M,13/10/1998,India,rwood292,student10000395@sample.edu,1,1,2018-09-20,2021-06-30,UG,Business Management
2018/19,10000396,Galloway,Colleen,F,02/07/1998,India,cgalloway249,student10000396@sample.edu,2,1,2018-09-20,2020-06-30,UG,Business Management
2018/19,10000397,Byrd,Dawn,F,16/12/1996,Pakistan,dbyrd164,student10000397@sample.edu,1,1,2018-09-20,2021-06-30,UG,Business Management
2018/19,10000398,Mccall,Christopher,M,22/07/1995,United Kingdom,cmccall818,student10000398@sample.edu,3,1,2018-09-20,2019-06-30,UG,Business Management
2018/19,10000399,Dunn,Jose,M,31/08/1999,United States,jdunn291,student10000399@sample.edu,1,1,2018-09-20,2021-06-30,UG,Business Management
2018/19,10000400,Webster,Matthew,M,17/03/2001,United States,mwebster858,student10000400@sample.edu,1,1,2018-09-20,2021-06-30,UG,Business Management
2018/19,10000401,Gray,Donald,M,28/02/1996,India,dgray404,student10000401@sample.edu,2,1,2018-09-20,2020-06-30,UG,Business Management
2018/19,10000402,Fisher,Manuel,M,17/02/1994,Egypt,mfisher890,student10000402@sample.edu,2,1,2018-09-20,2020-06-30,UG,Business Management
2018/19,10000403,Cooley,Sharon,F,24/01/1994,Bangladesh,scooley216,student10000403@sample.edu,3,1,2018-09-20,2019-06-30,UG,Business Management
2018/19,10000404,Espinoza,Jill,F,28/07/1999,Jordan,jespinoza325,student10000404@sample.edu,1,1,2018-09-20,2021-06-30,UG,Business Management
2018/19,10000405,Garner,Omar,M,16/02/1999,United Kingdom,ogarner792,student10000405@sample.edu,1,1,2018-09-20,2021-06-30,UG,Business Management
2018/19,10000406,Baker,Alicia,F,20/06/1997,Egypt,abaker601,student10000406@sample.edu,1,1,2018-09-20,2021-06-30,UG,Business Management
2018/19,10000407,Bautista,Richard,M,03/11/1995,Philippines,rbautista154,student10000407@sample.edu,1,1,2018-09-20,2021-06-30,UG,Business Management
2018/19,10000408,Meza,Priscilla,F,28/11/1996,United States,pmeza786,student10000408@sample.edu,1,1,2018-09-20,2021-06-30,UG,Business Management
2018/19,10000409,Murphy,Evelyn,F,31/07/1993,United States,emurphy204,student10000409@sample.edu,1,1,2018-09-20,2021-06-30,UG,Business Management
2018/19,10000410,Norman,Benjamin,M,23/11/1996,India,bnorman274,student10000410@sample.edu,2,1,2018-09-20,2020-06-30,UG,Business Management
2018/19,10000411,Mcclain,Scott,M,02/09/1994,United Kingdom,smcclain917,student10000411@sample.edu,3,1,2018-09-20,2019-06-30,UG,Business Management
2018/19,10000412,Obrien,Wayne,M,21/04/2000,Canada,wobrien46,student10000412@sample.edu,2,1,2018-09-20,2020-06-30,UG,Business Management
2018/19,10000413,Simpson,Jeffery,M,24/04/1997,Philippines,jsimpson856,student10000413@sample.edu,1,1,2018-09-20,2021-06-30,UG,Business Management
2018/19,10000414,Rivera,Dylan,M,04/07/2000,Egypt,drivera162,student10000414@sample.edu,1,1,2018-09-20,2021-06-30,UG,Business Management
2018/19,10000415,Rose,Shannon,F,06/08/2000,Pakistan,srose898,student10000415@sample.edu,1,1,2018-09-20,2021-06-30,UG,Business Management
2018/19,10000416,Chase,Kristen,F,02/01/1997,United Kingdom,kchase354,student10000416@sample.edu,2,1,2018-09-20,2020-06-30,UG,Business Management
2018/19,10000417,Marshall,Alexa,F,10/01/1996,Egypt,amarshall442,student10000417@sample.edu,2,1,2018-09-20,2020-06-30,UG,Business Management
2018/19,10000418,Martin,Kimberly,F,14/06/1996,United States,kmartin292,student10000418@sample.edu,1,1,2018-09-20,2021-06-30,UG,Business Management
2018/19,10000419,Fox,John,M,17/04/1999,United Kingdom,jfox998,student10000419@sample.edu,1,1,2018-09-20,2021-06-30,UG,Business Management
2018/19,10000420,Mccormick,Tina,F,22/10/1995,Jordan,tmccormick823,student10000420@sample.edu,3,1,2018-09-20,2019-06-30,UG,Business Management
2018/19,10000421,Chavez,Joseph,M,06/03/1999,Egypt,jchavez33,student10000421@sample.edu,1,1,2018-09-20,2021-06-30,UG,Business Management
2018/19,10000422,Bennett,Robin,F,28/10/2000,United States,rbennett542,student10000422@sample.edu,1,1,2018-09-20,2021-06-30,UG,Business Management
2018/19,10000423,Rogers,Linda,F,22/10/1995,Philippines,lrogers170,student10000423@sample.edu,1,1,2018-09-20,2021-06-30,UG,Business Management
2018/19,10000424,Kelly,Sarah,F,30/08/1998,United Kingdom,skelly678,student10000424@sample.edu,1,1,2018-09-20,2021-06-30,UG,Business Management
2018/19,10000425,Cole,Gregory,M,15/04/1999,Jordan,gcole664,student10000425@sample.edu,1,1,2018-09-20,2021-06-30,UG,Business Management
2018/19,10000426,Clay,Mary,F,09/08/1997,United States,mclay567,student10000426@sample.edu,2,1,2018-09-20,2020-06-30,UG,Business Management
2018/19,10000427,Allen,Amber,F,29/08/2001,India,aallen556,student10000427@sample.edu,1,1,2018-09-20,2021-06-30,UG,Business Management
2018/19,10000428,Williams,Deborah,F,18/11/1997,Bangladesh,dwilliams210,student10000428@sample.edu,1,1,2018-09-20,2021-06-30,UG,Business Management
2018/19,10000429,Parker,Katie,F,15/02/1999,Canada,kparker766,student10000429@sample.edu,1,1,2018-09-20,2021-06-30,UG,Business Management
2018/19,10000430,Foster,John,M,10/10/1996,Bangladesh,jfoster320,student10000430@sample.edu,1,1,2018-09-20,2021-06-30,UG,Business Management
2018/19,10000431,Gonzalez,Kimberly,F,09/12/1995,Canada,kgonzalez267,student10000431@sample.edu,1,1,2018-09-20,2021-06-30,UG,Business Management
2018/19,10000432,Cisneros,Shannon,F,07/05/1994,India,scisneros976,student10000432@sample.edu,1,1,2018-09-20,2021-06-30,UG,Business Management
2018/19,10000433,Harris,James,M,04/08/1995,Philippines,jharris711,student10000433@sample.edu,2,1,2018-09-20,2020-06-30,UG,Business Management
2018/19,10000434,Harris,Adam,M,19/07/1998,Jordan,aharris919,student10000434@sample.edu,1,1,2018-09-20,2021-06-30,UG,Business Management
2018/19,10000435,Burke,Benjamin,M,10/10/1996,Egypt,bburke516,student10000435@sample.edu,1,1,2018-09-20,2021-06-30,UG,Business Management
2018/19,10000436,Hunter,Christina,F,27/01/1997,India,chunter661,student10000436@sample.edu,1,1,2018-09-20,2021-06-30,UG,Business Management
2018/19,10000437,Price,Heather,F,01/05/1995,Pakistan,hprice486,student10000437@sample.edu,1,1,2018-09-20,2021-06-30,UG,Business Management
2018/19,10000438,Rose,James,M,24/10/2001,Pakistan,jrose396,student10000438@sample.edu,1,1,2018-09-20,2021-06-30,UG,Business Management
2018/19,10000439,Thomas,Kenneth,M,25/05/1994,United Kingdom,kthomas582,student10000439@sample.edu,1,1,2018-09-20,2021-06-30,UG,Business Management
2018/19,10000440,Fischer,Jacob,M,26/10/1998,United Kingdom,jfischer693,student10000440@sample.edu,1,1,2018-09-20,2021-06-30,UG,Business Management
2018/19,10000441,Hill,Sheri,F,21/04/1996,Philippines,shill414,student10000441@sample.edu,1,1,2018-09-20,2021-06-30,UG,Business Management
2018/19,10000442,Grimes,Don,M,09/10/1998,Pakistan,dgrimes634,student10000442@sample.edu,1,1,2018-09-20,2021-06-30,UG,Business Management
2018/19,10000443,Jimenez,Diana,F,04/11/1999,Pakistan,djimenez919,student10000443@sample.edu,1,1,2018-09-20,2021-06-30,UG,Business Management
2018/19,10000444,Ford,Matthew,M,26/05/2001,Philippines,mford77,student10000444@sample.edu,1,1,2018-09-20,2021-06-30,UG,Business Management
2018/19,10000445,Morrison,Elizabeth,F,19/01/1994,United Kingdom,emorrison376,student10000445@sample.edu,1,1,2018-09-20,2021-06-30,UG,Business Management
2018/19,10000446,Khan,Tamara,F,05/12/1996,United Kingdom,tkhan965,student10000446@sample.edu,1,1,2018-09-20,2021-06-30,UG,Business Management
2018/19,10000447,Rich,Ronald,M,11/05/2000,Egypt,rrich322,student10000447@sample.edu,1,1,2018-09-20,2021-06-30,UG,Business Management
2018/19,10000448,Williams,Jay,M,07/03/1995,United Kingdom,jwilliams552,student10000448@sample.edu,1,1,2018-09-20,2021-06-30,UG,Business Management
2018/19,10000449,Jenkins,Geoffrey,M,29/09/1999,United States,gjenkins913,student10000449@sample.edu,3,1,2018-09-20,2019-06-30,UG,Business Management
2018/19,10000450,Miller,Raymond,M,17/09/1996,Canada,rmiller950,student10000450@sample.edu,1,1,2018-09-20,2021-06-30,UG,Business Management
2018/19,10000451,Gomez,Daniel,M,09/03/1997,Philippines,dgomez699,student10000451@sample.edu,3,1,2018-09-20,2019-06-30,UG,Business Management
2018/19,10000452,Bailey,Julie,F,24/05/1994,Egypt,jbailey923,student10000452@sample.edu,2,1,2018-09-20,2020-06-30,UG,Business Management
2018/19,10000453,Wilson,Mary,F,15/02/1996,Egypt,mwilson605,student10000453@sample.edu,1,1,2018-09-20,2021-06-30,UG,Business Management
2018/19,10000454,Robinson,Christina,F,25/03/2000,Pakistan,crobinson559,student10000454@sample.edu,1,1,2018-09-20,2021-06-30,UG,Business Management
2018/19,10000455,Sparks,Nicole,F,24/11/1998,Pakistan,nsparks384,student10000455@sample.edu,2,1,2018-09-20,2020-06-30,UG,Business Management
2018/19,10000456,Williams,Tracey,F,12/09/1995,United States,twilliams914,student10000456@sample.edu,1,1,2018-09-20,2021-06-30,UG,Business Management
2018/19,10000457,Payne,Robert,M,01/07/2000,Jordan,rpayne48,student10000457@sample.edu,1,1,2018-09-20,2021-06-30,UG,Business Management
2018/19,10000458,Rodriguez,Carl,M,04/09/1997,United States,crodriguez587,student10000458@sample.edu,1,1,2018-09-20,2021-06-30,UG,Business Management
2018/19,10000459,Richard,Erica,F,22/06/1994,Jordan,erichard596,student10000459@sample.edu,1,1,2018-09-20,2021-06-30,UG,Business Management
2018/19,10000460,Sanchez,Patricia,F,13/10/1997,United Kingdom,psanchez718,student10000460@sample.edu,1,1,2018-09-20,2021-06-30,UG,Business Management
2018/19,10000461,Rivera,Shannon,F,22/02/1996,Pakistan,srivera468,student10000461@sample.edu,1,1,2018-09-20,2021-06-30,UG,Business Management
2018/19,10000462,Bowers,Johnny,M,01/08/1998,Philippines,jbowers430,student10000462@sample.edu,1,1,2018-09-20,2021-06-30,UG,Business Management
2018/19,10000463,Page,Melissa,F,30/06/1993,United States,mpage663,student10000463@sample.edu,1,1,2018-09-20,2021-06-30,UG,Business Management
2018/19,10000464,Montes,Lisa,F,03/11/1998,Bangladesh,lmontes930,student10000464@sample.edu,1,1,2018-09-20,2021-06-30,UG,Business Management
2018/19,10000465,Lyons,Sylvia,F,10/12/1994,Pakistan,slyons746,student10000465@sample.edu,1,1,2018-09-20,2021-06-30,UG,Business Management
2018/19,10000466,Davis,Craig,M,05/02/1995,Philippines,cdavis341,student10000466@sample.edu,2,1,2018-09-20,2020-06-30,UG,Business Management
2018/19,10000467,Walsh,Jay,M,10/01/2001,Bangladesh,jwalsh58,student10000467@sample.edu,1,1,2018-09-20,2021-06-30,UG,Business Management
2018/19,10000468,Flowers,Rachel,F,04/02/1994,Egypt,rflowers116,student10000468@sample.edu,1,1,2018-09-20,2021-06-30,UG,Business Management
2018/19,10000469,Munoz,Barbara,F,05/09/1998,Egypt,bmunoz47,student10000469@sample.edu,1,1,2018-09-20,2021-06-30,UG,Business Management
2018/19,10000470,Smith,Emily,F,12/08/1995,Egypt,esmith590,student10000470@sample.edu,1,1,2018-09-20,2021-06-30,UG,Business Management
2018/19,10000471,Lane,Becky,F,19/07/1993,Egypt,blane94,student10000471@sample.edu,1,1,2018-09-20,2021-06-30,UG,Business Management
2018/19,10000472,Brown,Henry,M,21/07/1999,Philippines,hbrown413,student10000472@sample.edu,1,1,2018-09-20,2021-06-30,UG,Business Management
2018/19,10000473,Carter,Christine,F,20/08/2000,India,ccarter672,student10000473@sample.edu,1,1,2018-09-20,2021-06-30,UG,Business Management
2018/19,10000474,Lamb,Natalie,F,02/05/1995,Philippines,nlamb488,student10000474@sample.edu,1,1,2018-09-20,2021-06-30,UG,Business Management
2018/19,10000475,Wolfe,Shane,M,15/04/1996,Bangladesh,swolfe586,student10000475@sample.edu,1,1,2018-09-20,2021-06-30,UG,Business Management
2018/19,10000476,Macias,Brad,M,28/04/1994,Canada,bmacias938,student10000476@sample.edu,1,1,2018-09-20,2021-06-30,UG,Business Management
2018/19,10000001,Bradley,Angela,F,24/01/1999,India,abradley836,student10000001@sample.edu,2,2,2017-09-20,2020-06-30,UG,Accountancy & Finance
2018/19,10000002,Sandoval,Jacob,M,08/04/1996,Pakistan,jsandoval241,student10000002@sample.edu,2,2,2017-09-20,2020-06-30,UG,Accountancy & Finance
2018/19,10000003,Graham,Robin,F,04/12/1998,Canada,rgraham232,student10000003@sample.edu,2,2,2017-09-20,2020-06-30,UG,Accountancy & Finance
2018/19,10000004,Reynolds,Cynthia,F,19/02/1992,Jordan,creynolds309,student10000004@sample.edu,2,2,2017-09-20,2020-06-30,UG,Accountancy & Finance
2018/19,10000005,Grimes,Jane,F,01/01/1994,Jordan,jgrimes597,student10000005@sample.edu,2,2,2017-09-20,2020-06-30,UG,Accountancy & Finance
2018/19,10000006,Reyes,Thomas,M,08/04/1999,United Kingdom,treyes309,student10000006@sample.edu,4,2,2017-09-20,2018-06-30,UG,Accountancy & Finance
2018/19,10000007,Anderson,William,M,01/10/1992,Pakistan,wanderson270,student10000007@sample.edu,2,2,2017-09-20,2020-06-30,UG,Accountancy & Finance
2018/19,10000008,Hodges,Tracey,F,23/04/1992,United Kingdom,thodges449,student10000008@sample.edu,3,2,2017-09-20,2019-06-30,UG,Accountancy & Finance
2018/19,10000009,Wilkins,Wyatt,M,08/07/1992,Egypt,wwilkins167,student10000009@sample.edu,2,2,2017-09-20,2020-06-30,UG,Accountancy & Finance
2018/19,10000010,Wilson,Joy,F,09/10/1993,United Kingdom,jwilson518,student10000010@sample.edu,2,2,2017-09-20,2020-06-30,UG,Accountancy & Finance
2018/19,10000011,Rojas,Jason,M,23/03/2000,India,jrojas939,student10000011@sample.edu,3,2,2017-09-20,2019-06-30,UG,Accountancy & Finance
2018/19,10000012,Burton,Jason,M,09/06/1994,Jordan,jburton329,student10000012@sample.edu,2,2,2017-09-20,2020-06-30,UG,Accountancy & Finance
2018/19,10000013,Floyd,Mary,F,25/04/1998,Philippines,mfloyd509,student10000013@sample.edu,2,2,2017-09-20,2020-06-30,UG,Accountancy & Finance
2018/19,10000014,Harrington,Amy,F,03/02/1995,Bangladesh,aharrington44,student10000014@sample.edu,4,2,2017-09-20,2018-06-30,UG,Accountancy & Finance
2018/19,10000015,Swanson,Stephen,M,12/02/1994,United Kingdom,sswanson872,student10000015@sample.edu,2,2,2017-09-20,2020-06-30,UG,Accountancy & Finance
2018/19,10000016,Bell,Jessica,F,09/10/1995,Pakistan,jbell814,student10000016@sample.edu,2,2,2017-09-20,2020-06-30,UG,Accountancy & Finance
2018/19,10000017,Garcia,Ruth,F,15/12/2000,India,rgarcia289,student10000017@sample.edu,2,2,2017-09-20,2020-06-30,UG,Accountancy & Finance
2018/19,10000018,Flores,Ryan,M,13/02/1992,Egypt,rflores406,student10000018@sample.edu,3,2,2017-09-20,2019-06-30,UG,Business Management
2018/19,10000019,Jones,Lisa,F,10/09/1999,Jordan,ljones579,student10000019@sample.edu,3,2,2017-09-20,2019-06-30,UG,Business Management
2018/19,10000020,Peters,Jesus,M,07/10/1995,Pakistan,jpeters904,student10000020@sample.edu,2,2,2017-09-20,2020-06-30,UG,Business Management
2018/19,10000021,Pierce,Ruth,F,22/01/1999,Bangladesh,rpierce877,student10000021@sample.edu,2,2,2017-09-20,2020-06-30,UG,Business Management
2018/19,10000022,Warren,Ian,M,03/05/1997,Canada,iwarren692,student10000022@sample.edu,4,2,2017-09-20,2018-06-30,UG,Business Management
2018/19,10000023,Delgado,David,M,13/02/1997,United States,ddelgado976,student10000023@sample.edu,3,2,2017-09-20,2019-06-30,UG,Business Management
2018/19,10000024,Horton,Wayne,M,21/08/1996,India,whorton312,student10000024@sample.edu,2,2,2017-09-20,2020-06-30,UG,Business Management
2018/19,10000025,Campbell,James,M,12/03/1995,Pakistan,jcampbell272,student10000025@sample.edu,3,2,2017-09-20,2019-06-30,UG,Business Management
2018/19,10000026,Jackson,Chris,M,22/04/1995,United States,cjackson558,student10000026@sample.edu,2,2,2017-09-20,2020-06-30,UG,Business Management
2018/19,10000027,Cooper,Amber,F,30/12/1996,United Kingdom,acooper413,student10000027@sample.edu,2,2,2017-09-20,2020-06-30,UG,Business Management
2018/19,10000028,Carey,Jason,M,21/10/1999,Jordan,jcarey278,student10000028@sample.edu,2,2,2017-09-20,2020-06-30,UG,Business Management
2018/19,10000029,Torres,Lisa,F,24/09/1998,Egypt,ltorres451,student10000029@sample.edu,2,2,2017-09-20,2020-06-30,UG,Business Management
2018/19,10000030,Mclaughlin,Joseph,M,15/03/1997,Canada,jmclaughlin798,student10000030@sample.edu,2,2,2017-09-20,2020-06-30,UG,Business Management
2018/19,10000031,Martin,Nicole,F,30/05/1994,Philippines,nmartin483,student10000031@sample.edu,2,2,2017-09-20,2020-06-30,UG,Business Management
2018/19,10000032,Schmidt,Diane,F,22/04/1992,United States,dschmidt187,student10000032@sample.edu,2,2,2017-09-20,2020-06-30,UG,Business Management
2018/19,10000033,Martinez,Michael,M,08/01/1995,India,mmartinez509,student10000033@sample.edu,2,2,2017-09-20,2020-06-30,UG,Business Management
2018/19,10000034,Hodge,Raymond,M,13/06/2000,Canada,rhodge295,student10000034@sample.edu,2,2,2017-09-20,2020-06-30,UG,Business Management
2018/19,10000035,Allen,Mary,F,07/02/1996,Philippines,mallen84,student10000035@sample.edu,2,2,2017-09-20,2020-06-30,UG,Business Management
2018/19,10000036,Jones,Cassandra,F,21/04/1995,United Kingdom,cjones841,student10000036@sample.edu,2,2,2017-09-20,2020-06-30,UG,Business Management
2018/19,10000037,Soto,Becky,F,29/07/1993,Egypt,bsoto11,student10000037@sample.edu,2,2,2017-09-20,2020-06-30,UG,Business Management
2018/19,10000038,Gray,Jill,F,09/03/1993,Philippines,jgray738,student10000038@sample.edu,2,2,2017-09-20,2020-06-30,UG,Business Management
2018/19,10000039,Peterson,Barbara,F,24/04/1998,Canada,bpeterson468,student10000039@sample.edu,2,2,2017-09-20,2020-06-30,UG,Business Management
2018/19,10000040,Hendrix,Mario,M,09/09/1992,Pakistan,mhendrix894,student10000040@sample.edu,3,2,2017-09-20,2019-06-30,UG,Business Management
2018/19,10000041,Ewing,Kimberly,F,13/10/1994,Philippines,kewing642,student10000041@sample.edu,2,2,2017-09-20,2020-06-30,UG,Business Management
2018/19,10000042,Smith,Dominic,M,05/04/1995,India,dsmith849,student10000042@sample.edu,3,2,2017-09-20,2019-06-30,UG,Business Management
2018/19,10000043,Byrd,Rebecca,F,03/08/1992,Bangladesh,rbyrd850,student10000043@sample.edu,2,2,2017-09-20,2020-06-30,UG,Business Management
2018/19,10000044,Ramirez,Christopher,M,05/02/2000,Pakistan,cramirez722,student10000044@sample.edu,2,2,2017-09-20,2020-06-30,UG,Business Management
2018/19,10000045,Nixon,Jamie,F,14/11/1998,Bangladesh,jnixon662,student10000045@sample.edu,2,2,2017-09-20,2020-06-30,UG,Business Management
2018/19,10000046,Contreras,Steven,M,13/07/1999,Philippines,scontreras62,student10000046@sample.edu,2,2,2017-09-20,2020-06-30,UG,Business Management
2018/19,10000047,Sweeney,John,M,09/09/1993,Philippines,jsweeney828,student10000047@sample.edu,3,2,2017-09-20,2019-06-30,UG,Business Management
2018/19,10000048,Ward,Carol,F,22/01/1992,Jordan,cward148,student10000048@sample.edu,2,2,2017-09-20,2020-06-30,UG,Business Management
2018/19,10000049,Smith,Lisa,F,29/11/1999,Pakistan,lsmith554,student10000049@sample.edu,2,2,2017-09-20,2020-06-30,UG,Business Management
2018/19,10000050,Thomas,Tammy,F,25/05/1992,United States,tthomas841,student10000050@sample.edu,2,2,2017-09-20,2020-06-30,UG,Business Management
2018/19,10000051,Booth,Gregory,M,10/02/1995,Egypt,gbooth281,student10000051@sample.edu,2,2,2017-09-20,2020-06-30,UG,Business Management
2018/19,10000052,Joseph,Kristen,F,15/03/1994,Canada,kjoseph594,student10000052@sample.edu,2,2,2017-09-20,2020-06-30,UG,Business Management
2018/19,10000053,Brandt,Nicole,F,29/12/2000,United Kingdom,nbrandt528,student10000053@sample.edu,2,2,2017-09-20,2020-06-30,UG,Business Management
2018/19,10000054,Todd,Emily,F,25/09/1996,Philippines,etodd291,student10000054@sample.edu,2,2,2017-09-20,2020-06-30,UG,Business Management
2018/19,10000055,Lozano,Toni,F,30/09/1998,Pakistan,tlozano302,student10000055@sample.edu,2,2,2017-09-20,2020-06-30,UG,Business Management
2018/19,10000056,Young,Kristie,F,10/11/1999,Jordan,kyoung92,student10000056@sample.edu,2,2,2017-09-20,2020-06-30,UG,Business Management
2018/19,10000057,Walker,James,M,07/10/1992,United Kingdom,jwalker504,student10000057@sample.edu,2,2,2017-09-20,2020-06-30,UG,Business Management
2018/19,10000058,Brown,Kaitlin,F,25/06/1998,Philippines,kbrown865,student10000058@sample.edu,2,2,2017-09-20,2020-06-30,UG,Business Management
2018/19,10000059,Gonzalez,April,F,25/09/1998,Philippines,agonzalez177,student10000059@sample.edu,2,2,2017-09-20,2020-06-30,UG,Business Management
2018/19,10000060,Jackson,Edwin,M,20/01/1992,Jordan,ejackson101,student10000060@sample.edu,2,2,2017-09-20,2020-06-30,UG,Business Management
2018/19,10000061,Coleman,Brent,M,01/08/1995,Philippines,bcoleman51,student10000061@sample.edu,2,2,2017-09-20,2020-06-30,UG,Business Management
2018/19,10000062,Butler,Sara,F,29/06/1999,Philippines,sbutler349,student10000062@sample.edu,2,2,2017-09-20,2020-06-30,UG,Business Management
2018/19,10000063,Rivera,Amanda,F,02/04/1996,Pakistan,arivera347,student10000063@sample.edu,3,2,2017-09-20,2019-06-30,UG,Business Management
2018/19,10000064,Smith,Rebecca,F,31/10/1997,Pakistan,rsmith889,student10000064@sample.edu,2,2,2017-09-20,2020-06-30,UG,Business Management
2018/19,10000065,Gates,Tracy,F,24/02/1999,Canada,tgates844,student10000065@sample.edu,2,2,2017-09-20,2020-06-30,UG,Business Management
2018/19,10000066,Rodriguez,Cheryl,F,25/02/1993,Philippines,crodriguez387,student10000066@sample.edu,2,2,2017-09-20,2020-06-30,UG,Business Management
2018/19,10000067,Mullen,Lauren,F,05/03/1992,Pakistan,lmullen560,student10000067@sample.edu,2,2,2017-09-20,2020-06-30,UG,Business Management
2018/19,10000068,Morris,Tamara,F,06/09/1993,Philippines,tmorris513,student10000068@sample.edu,2,2,2017-09-20,2020-06-30,UG,Business Management
2018/19,10000069,Parker,Kaylee,F,28/09/1996,Canada,kparker308,student10000069@sample.edu,2,2,2017-09-20,2020-06-30,UG,Business Management
2018/19,10000070,Bowman,Virginia,F,30/04/1994,United Kingdom,vbowman59,student10000070@sample.edu,3,2,2017-09-20,2019-06-30,UG,Business Management
2018/19,10000071,Bernard,Eric,M,23/12/1992,United Kingdom,ebernard264,student10000071@sample.edu,3,2,2017-09-20,2019-06-30,UG,Business Management
2018/19,10000072,Guerrero,Ricky,M,10/12/1997,United Kingdom,rguerrero801,student10000072@sample.edu,2,2,2017-09-20,2020-06-30,UG,Business Management
2018/19,10000073,Nash,Jason,M,21/11/1994,United Kingdom,jnash31,student10000073@sample.edu,2,2,2017-09-20,2020-06-30,UG,Business Management
2018/19,10000074,Wright,Laura,F,29/08/1995,United Kingdom,lwright802,student10000074@sample.edu,2,2,2017-09-20,2020-06-30,UG,Business Management
2018/19,10000075,Davis,Adrienne,F,04/08/1992,United Kingdom,adavis129,student10000075@sample.edu,2,2,2017-09-20,2020-06-30,UG,Business Management
2018/19,10000076,Watson,Joshua,M,03/04/1997,Jordan,jwatson191,student10000076@sample.edu,4,2,2017-09-20,2018-06-30,UG,Business Management
2018/19,10000077,Estrada,Darryl,M,19/01/1995,Philippines,destrada172,student10000077@sample.edu,3,2,2017-09-20,2019-06-30,UG,Business Management
2018/19,10000078,Beasley,Kimberly,F,19/04/1992,Philippines,kbeasley292,student10000078@sample.edu,2,2,2017-09-20,2020-06-30,UG,Business Management
2018/19,10000079,Perry,Michele,F,03/01/1997,Bangladesh,mperry509,student10000079@sample.edu,2,2,2017-09-20,2020-06-30,UG,Business Management
2018/19,10000080,Acevedo,Robert,M,03/04/2000,Philippines,racevedo146,student10000080@sample.edu,2,2,2017-09-20,2020-06-30,UG,Business Management
